Order-Id,Item-id,Product-Id,Quantity,Sales-Id,Customer-Id,Sales-Price-Per-Prod,Market-Segment
0,0,16,6,3,10,148,retail
1,1,5,4,6,16,104,pharmaceutical
2,2,6,6,1,11,50,financial
3,3,6,14,6,21,53,financial
4,4,13,5,0,10,124,financial
5,5,4,23,3,27,188,financial
6,6,6,1,8,18,49,education
7,7,16,21,4,19,158,software
8,8,16,29,3,14,149,software
9,9,3,13,8,14,179,education
10,10,17,10,9,7,203,realestate
11,11,8,23,5,12,172,pharmaceutical
12,12,3,4,2,3,198,financial
13,13,3,23,4,2,197,education
14,14,9,17,2,23,44,pharmaceutical
15,15,8,6,6,25,172,pharmaceutical
16,16,7,23,1,5,163,software
17,17,10,6,9,15,95,software
18,18,17,4,6,2,204,retail
19,19,15,23,3,15,186,software
20,20,16,17,1,1,146,software
21,21,5,28,0,14,120,software
22,22,18,16,7,24,95,retail
23,23,1,18,6,13,196,pharmaceutical
24,24,10,15,0,11,126,software
25,25,9,12,9,24,89,realestate
26,26,7,25,6,11,129,financial
27,27,8,28,1,19,175,retail
28,28,19,16,4,4,99,education
29,29,4,28,0,18,153,realestate
30,30,16,23,0,27,151,pharmaceutical
31,31,8,14,4,24,119,software
32,32,12,1,0,28,78,realestate
33,33,0,1,7,25,121,realestate
34,34,15,13,0,1,213,realestate
35,35,2,28,2,12,211,realestate
36,36,19,1,8,23,91,retail
37,37,9,3,7,22,83,financial
38,38,17,2,1,16,193,education
39,39,1,2,9,0,187,retail
40,40,19,4,7,28,103,retail
41,41,7,13,6,21,124,software
42,42,16,27,8,3,149,pharmaceutical
43,43,13,13,8,13,96,realestate
44,44,0,28,2,2,119,financial
45,45,15,25,7,20,200,education
46,46,13,7,7,24,114,realestate
47,47,0,24,6,20,121,retail
48,48,15,19,9,14,196,financial
49,49,13,17,4,9,146,realestate
50,50,8,7,9,9,110,pharmaceutical
51,51,19,24,4,4,109,realestate
52,52,6,9,6,15,58,pharmaceutical
53,53,12,29,7,19,97,education
54,54,8,14,6,20,143,realestate
55,55,3,27,5,25,166,retail
56,56,8,1,8,10,156,financial
57,57,18,12,2,17,79,retail
58,58,10,8,5,2,149,realestate
59,59,10,12,7,28,125,retail
60,60,6,9,6,29,75,retail
61,61,6,23,9,1,78,realestate
62,62,14,17,3,16,184,pharmaceutical
63,63,10,19,4,8,116,pharmaceutical
64,64,18,15,8,26,78,retail
65,65,3,3,0,24,196,retail
66,66,17,4,6,10,195,software
67,67,19,0,6,18,106,pharmaceutical
68,68,14,19,6,7,181,pharmaceutical
69,69,7,4,2,18,135,pharmaceutical
70,70,3,6,0,3,194,retail
71,71,12,20,7,24,86,financial
72,72,2,6,2,23,210,pharmaceutical
73,73,17,18,4,14,191,education
74,74,0,20,6,28,122,financial
75,75,12,22,9,14,101,pharmaceutical
76,76,3,21,9,22,171,financial
77,77,0,10,3,0,123,retail
78,78,14,12,0,15,199,pharmaceutical
79,79,16,7,4,16,162,realestate
80,80,7,9,0,14,153,realestate
81,81,10,27,1,24,92,education
82,82,1,1,9,8,230,realestate
83,83,19,0,0,25,73,realestate
84,84,6,2,6,20,82,retail
85,85,14,20,2,25,196,pharmaceutical
86,86,7,10,5,16,158,retail
87,87,5,18,1,27,96,realestate
88,88,3,13,1,13,199,realestate
89,89,6,24,3,25,84,education
90,90,16,21,3,17,155,software
91,91,4,8,6,15,190,pharmaceutical
92,92,17,26,6,7,188,financial
93,93,8,20,8,2,131,realestate
94,94,6,16,8,28,55,realestate
95,95,0,14,0,10,119,pharmaceutical
96,96,9,14,1,4,64,pharmaceutical
97,97,19,14,4,14,106,education
98,98,18,4,3,2,55,realestate
99,99,19,25,0,27,88,retail
100,100,12,28,6,0,107,realestate
101,101,6,22,1,1,39,software
102,102,11,23,5,19,99,retail
103,103,10,9,2,2,153,education
104,104,11,3,8,22,133,software
105,105,9,5,8,24,55,education
106,106,4,2,7,27,131,realestate
107,107,3,25,1,16,195,software
108,108,19,12,6,13,78,pharmaceutical
109,109,4,6,8,17,194,financial
110,110,14,24,9,23,184,education
111,111,11,28,9,16,101,retail
112,112,11,3,4,29,118,financial
113,113,14,24,5,10,188,financial
114,114,16,16,9,14,154,financial
115,115,11,29,8,14,136,financial
116,116,16,20,8,19,159,pharmaceutical
117,117,3,29,2,18,202,education
118,118,18,14,4,10,92,financial
119,119,3,10,6,14,176,realestate
120,120,7,21,9,17,158,education
121,121,6,19,7,9,68,retail
122,122,16,3,3,23,149,pharmaceutical
123,123,16,26,6,1,153,retail
124,124,11,28,2,16,102,financial
125,125,14,27,0,7,196,software
126,126,7,25,4,17,125,pharmaceutical
127,127,0,23,4,2,121,retail
128,128,11,12,1,15,117,financial
129,129,4,21,2,26,193,financial
130,130,8,4,0,14,198,pharmaceutical
131,131,8,0,0,24,201,realestate
132,132,7,15,9,27,123,pharmaceutical
133,133,18,18,4,11,59,education
134,134,18,27,7,13,87,retail
135,135,14,13,1,18,196,financial
136,136,19,21,6,20,113,education
137,137,2,13,8,11,212,pharmaceutical
138,138,2,10,5,5,199,retail
139,139,12,10,2,17,80,financial
140,140,4,17,6,22,192,realestate
141,141,10,25,9,22,102,pharmaceutical
142,142,17,7,1,4,204,retail
143,143,5,28,4,4,95,realestate
144,144,7,24,1,1,142,financial
145,145,9,23,4,7,56,retail
146,146,17,3,3,27,198,realestate
147,147,15,23,0,2,200,retail
148,148,5,0,8,6,108,software
149,149,3,21,4,7,173,retail
150,150,17,4,9,25,195,education
151,151,14,26,7,21,199,software
152,152,12,1,8,22,82,education
153,153,10,27,4,15,130,education
154,154,12,12,7,24,97,pharmaceutical
155,155,8,26,1,24,181,financial
156,156,4,10,4,24,177,realestate
157,157,9,25,8,28,101,pharmaceutical
158,158,10,18,7,21,111,realestate
159,159,14,4,5,8,185,realestate
160,160,6,16,0,16,65,realestate
161,161,13,22,2,21,89,realestate
162,162,1,17,8,22,202,financial
163,163,11,20,3,9,122,retail
164,164,10,23,2,28,155,retail
165,165,7,29,7,13,162,financial
166,166,11,3,1,21,129,retail
167,167,16,2,3,23,155,education
168,168,1,10,0,11,235,education
169,169,14,9,4,17,193,realestate
170,170,5,27,8,18,100,education
171,171,1,17,8,28,167,pharmaceutical
172,172,18,20,0,27,96,retail
173,173,18,1,9,7,83,retail
174,174,4,6,8,2,140,realestate
175,175,15,7,3,29,188,education
176,176,10,26,7,13,136,financial
177,177,6,24,2,14,76,pharmaceutical
178,178,16,26,2,25,157,software
179,179,18,0,2,18,62,pharmaceutical
180,180,15,13,1,1,215,education
181,181,14,6,8,19,179,realestate
182,182,5,25,2,6,99,retail
183,183,13,8,0,10,118,education
184,184,9,25,0,26,104,retail
185,185,2,15,8,3,219,retail
186,186,3,27,1,18,207,retail
187,187,1,27,3,7,166,pharmaceutical
188,188,1,26,9,17,228,financial
189,189,3,16,2,12,199,software
190,190,19,8,8,24,74,pharmaceutical
191,191,1,29,0,27,180,realestate
192,192,2,10,8,4,201,realestate
193,193,7,9,7,26,143,retail
194,194,3,24,7,5,207,realestate
195,195,16,12,2,9,161,education
196,196,10,8,8,29,119,software
197,197,9,25,5,22,90,financial
198,198,3,25,9,13,208,education
199,199,17,12,5,14,183,pharmaceutical
200,200,3,22,5,20,213,education
201,201,18,12,0,3,91,software
202,202,5,28,3,5,97,pharmaceutical
203,203,16,29,7,26,162,software
204,204,10,12,3,13,120,realestate
205,205,17,16,3,0,189,financial
206,206,15,15,5,22,205,pharmaceutical
207,207,16,26,5,27,148,retail
208,208,1,17,2,15,166,software
209,209,6,26,3,12,77,financial
210,210,5,23,4,16,117,education
211,211,6,26,0,0,68,retail
212,212,17,19,9,16,199,education
213,213,5,19,7,10,108,retail
214,214,14,27,2,10,199,retail
215,215,17,10,7,12,184,software
216,216,0,26,7,0,122,financial
217,217,5,23,1,22,117,retail
218,218,9,3,6,2,50,education
219,219,4,19,7,22,172,pharmaceutical
220,220,8,9,1,5,181,retail
221,221,6,22,9,16,83,financial
222,222,16,22,3,13,148,financial
223,223,1,16,1,0,182,retail
224,224,5,7,2,22,117,financial
225,225,2,22,5,16,217,financial
226,226,9,12,4,26,52,pharmaceutical
227,227,15,1,2,11,205,software
228,228,18,6,2,9,77,software
229,229,13,17,3,26,88,realestate
230,230,1,11,9,28,159,financial
231,231,16,24,7,20,152,financial
232,232,15,8,9,28,183,pharmaceutical
233,233,1,11,0,23,235,financial
234,234,13,8,9,23,112,education
235,235,2,12,8,11,219,financial
236,236,15,25,6,18,215,education
237,237,9,16,4,4,81,education
238,238,9,28,6,18,95,retail
239,239,0,21,5,21,119,financial
240,240,16,14,8,8,156,realestate
241,241,12,23,5,3,86,financial
242,242,4,7,2,1,175,education
243,243,5,22,9,2,138,education
244,244,0,21,7,1,119,realestate
245,245,6,24,2,0,59,retail
246,246,3,26,4,17,190,software
247,247,9,17,0,27,103,software
248,248,11,29,3,16,108,financial
249,249,3,4,9,3,198,realestate
250,250,18,15,7,23,98,software
251,251,11,8,2,22,116,software
252,252,19,18,5,19,100,realestate
253,253,13,3,0,25,116,education
254,254,12,10,0,2,95,pharmaceutical
255,255,3,11,9,28,203,realestate
256,256,9,25,4,22,99,education
257,257,13,11,8,23,87,software
258,258,19,7,5,19,108,retail
259,259,0,28,7,19,120,education
260,260,10,18,3,11,96,education
261,261,13,8,3,18,142,financial
262,262,18,15,7,28,62,retail
263,263,6,10,6,4,52,retail
264,264,18,26,1,22,62,software
265,265,1,19,8,5,176,retail
266,266,11,7,0,8,110,realestate
267,267,3,1,8,28,205,pharmaceutical
268,268,13,5,0,3,127,pharmaceutical
269,269,4,25,3,28,193,realestate
270,270,3,21,5,4,191,retail
271,271,0,28,3,26,120,realestate
272,272,15,9,4,7,215,retail
273,273,1,12,4,21,187,retail
274,274,10,11,1,2,147,pharmaceutical
275,275,1,18,7,0,160,education
276,276,18,8,7,7,70,retail
277,277,3,1,4,2,167,pharmaceutical
278,278,13,23,8,15,139,retail
279,279,17,14,5,28,205,realestate
280,280,10,19,7,3,97,realestate
281,281,6,22,9,16,44,realestate
282,282,5,16,0,4,135,financial
283,283,7,5,1,3,158,retail
284,284,6,27,3,13,86,education
285,285,8,19,2,29,198,retail
286,286,13,2,2,21,136,financial
287,287,18,29,5,23,94,education
288,288,16,10,5,29,152,pharmaceutical
289,289,13,3,9,6,106,pharmaceutical
290,290,0,0,6,11,122,financial
291,291,11,2,7,29,94,pharmaceutical
292,292,14,8,6,9,193,education
293,293,15,2,7,5,191,realestate
294,294,5,12,6,15,115,pharmaceutical
295,295,2,27,3,17,209,financial
296,296,15,24,3,23,220,realestate
297,297,3,21,3,10,209,realestate
298,298,14,28,8,21,190,retail
299,299,15,6,5,29,180,financial
300,300,0,22,2,19,123,realestate
301,301,16,15,2,16,162,software
302,302,4,18,9,17,160,pharmaceutical
303,303,8,19,4,9,189,retail
304,304,18,16,8,4,81,retail
305,305,17,11,2,27,186,pharmaceutical
306,306,1,3,7,5,207,software
307,307,8,0,4,0,164,pharmaceutical
308,308,5,15,8,26,107,retail
309,309,15,8,0,3,203,retail
310,310,19,12,6,0,107,education
311,311,18,17,8,11,52,retail
312,312,15,24,2,3,213,education
313,313,12,12,5,11,84,software
314,314,4,28,0,12,175,software
315,315,8,19,0,12,118,retail
316,316,11,29,8,15,106,pharmaceutical
317,317,12,3,6,6,103,pharmaceutical
318,318,15,25,3,21,220,financial
319,319,2,17,3,18,216,education
320,320,7,25,3,4,147,education
321,321,6,26,0,1,54,realestate
322,322,6,0,1,3,49,pharmaceutical
323,323,16,10,8,11,149,realestate
324,324,15,18,8,26,182,realestate
325,325,6,25,5,11,78,software
326,326,7,20,7,0,120,financial
327,327,1,12,4,16,224,retail
328,328,16,5,1,21,159,education
329,329,18,20,3,23,72,pharmaceutical
330,330,18,16,6,25,103,education
331,331,10,23,9,24,96,education
332,332,9,18,5,17,89,financial
333,333,11,14,0,27,123,pharmaceutical
334,334,17,28,1,19,195,realestate
335,335,14,0,5,27,179,software
336,336,12,8,3,4,102,retail
337,337,15,13,6,25,190,retail
338,338,6,1,8,5,67,retail
339,339,7,11,9,26,141,retail
340,340,4,12,8,22,150,realestate
341,341,18,23,5,17,79,education
342,342,2,13,3,25,207,financial
343,343,11,3,1,17,101,retail
344,344,8,22,2,9,114,software
345,345,18,7,5,10,81,pharmaceutical
346,346,2,16,2,21,199,pharmaceutical
347,347,13,14,6,16,111,financial
348,348,8,3,0,1,152,education
349,349,3,13,2,3,170,realestate
350,350,15,18,0,20,199,pharmaceutical
351,351,8,16,0,13,121,realestate
352,352,17,0,3,18,204,education
353,353,15,22,6,0,197,software
354,354,0,29,6,6,119,education
355,355,11,2,0,13,91,financial
356,356,3,12,2,18,187,retail
357,357,2,25,6,8,211,education
358,358,12,13,0,29,104,financial
359,359,14,29,2,14,188,financial
360,360,7,7,5,25,122,retail
361,361,11,8,4,0,140,software
362,362,7,27,3,24,151,education
363,363,15,17,0,17,190,pharmaceutical
364,364,19,13,0,24,111,pharmaceutical
365,365,4,14,0,12,184,education
366,366,13,16,9,16,123,retail
367,367,5,19,2,15,129,software
368,368,18,7,6,27,73,retail
369,369,4,11,2,9,177,pharmaceutical
370,370,6,15,3,17,75,education
371,371,18,10,6,22,53,financial
372,372,16,6,2,3,150,retail
373,373,8,24,6,7,135,software
374,374,17,28,3,15,183,realestate
375,375,5,11,2,16,130,software
376,376,11,3,0,4,121,pharmaceutical
377,377,15,2,1,22,209,software
378,378,7,5,2,6,153,pharmaceutical
379,379,8,16,4,29,147,education
380,380,16,9,4,19,160,retail
381,381,11,4,5,13,120,financial
382,382,1,23,5,3,212,realestate
383,383,12,2,3,16,101,retail
384,384,5,21,7,10,120,financial
385,385,13,16,4,4,119,education
386,386,2,2,1,19,207,realestate
387,387,3,9,1,9,209,realestate
388,388,5,28,0,19,104,realestate
389,389,4,2,7,23,131,realestate
390,390,15,23,0,10,193,pharmaceutical
391,391,1,18,8,16,165,pharmaceutical
392,392,5,7,2,26,139,retail
393,393,2,4,0,17,205,education
394,394,9,21,8,7,82,financial
395,395,0,25,2,8,122,pharmaceutical
396,396,3,27,4,26,175,pharmaceutical
397,397,3,2,5,25,198,realestate
398,398,17,12,9,2,199,financial
399,399,10,19,8,18,127,education
400,400,8,3,3,11,133,education
401,401,8,24,8,9,154,retail
402,402,7,3,5,18,145,financial
403,403,17,15,9,26,200,pharmaceutical
404,404,11,4,8,7,134,pharmaceutical
405,405,13,25,1,27,139,software
406,406,1,13,8,3,209,pharmaceutical
407,407,11,9,1,17,97,retail
408,408,10,29,3,2,91,retail
409,409,8,28,9,22,170,education
410,410,3,4,6,28,166,software
411,411,0,27,4,1,123,education
412,412,12,12,1,12,78,realestate
413,413,3,6,9,17,204,education
414,414,4,13,6,18,157,pharmaceutical
415,415,0,13,6,22,122,education
416,416,14,10,0,8,192,education
417,417,3,19,1,28,190,software
418,418,0,21,3,22,119,realestate
419,419,18,9,3,17,84,realestate
420,420,10,16,9,19,96,retail
421,421,14,8,4,19,183,financial
422,422,12,12,5,27,101,retail
423,423,3,10,9,9,197,retail
424,424,18,27,2,5,84,pharmaceutical
425,425,14,18,1,22,182,software
426,426,4,5,3,7,175,retail
427,427,16,25,2,21,162,retail
428,428,19,12,4,2,105,financial
429,429,17,20,6,14,187,retail
430,430,12,22,8,2,81,financial
431,431,11,3,2,28,111,retail
432,432,14,23,0,21,187,financial
433,433,11,3,2,27,114,realestate
434,434,2,9,0,12,199,software
435,435,12,8,3,12,82,realestate
436,436,0,4,7,6,123,education
437,437,18,4,5,2,102,education
438,438,5,2,7,25,98,realestate
439,439,5,15,7,26,95,realestate
440,440,5,29,3,22,129,retail
441,441,9,28,2,22,66,financial
442,442,2,10,1,3,199,financial
443,443,12,10,0,8,83,education
444,444,11,21,2,22,136,realestate
445,445,7,23,2,23,124,financial
446,446,8,18,4,19,201,pharmaceutical
447,447,14,28,6,3,196,realestate
448,448,13,18,7,29,140,software
449,449,3,20,4,18,165,software
450,450,18,13,6,7,79,financial
451,451,14,26,1,10,186,education
452,452,0,20,7,21,120,education
453,453,2,29,9,16,216,pharmaceutical
454,454,12,21,1,9,94,retail
455,455,11,20,9,14,122,software
456,456,2,9,8,3,214,pharmaceutical
457,457,12,27,0,16,99,software
458,458,4,15,0,11,192,pharmaceutical
459,459,14,19,4,26,187,realestate
460,460,13,16,1,20,143,education
461,461,0,15,5,20,119,financial
462,462,11,2,0,3,128,education
463,463,11,0,4,28,99,education
464,464,3,15,1,12,201,retail
465,465,8,25,6,13,204,software
466,466,12,4,9,16,91,software
467,467,19,14,4,26,72,education
468,468,3,9,4,5,173,education
469,469,2,27,1,13,205,realestate
470,470,14,5,5,17,182,retail
471,471,16,4,7,0,158,realestate
472,472,10,4,5,9,114,pharmaceutical
473,473,13,21,6,26,129,pharmaceutical
474,474,8,4,8,8,173,software
475,475,10,18,2,28,100,financial
476,476,17,16,8,7,201,retail
477,477,19,18,8,23,95,pharmaceutical
478,478,14,27,1,2,196,education
479,479,6,15,2,3,60,realestate
480,480,14,21,2,12,193,realestate
481,481,3,3,5,24,173,software
482,482,11,16,7,25,96,realestate
483,483,12,13,7,19,105,education
484,484,14,24,9,23,193,pharmaceutical
485,485,10,20,7,19,146,retail
486,486,11,11,9,29,125,realestate
487,487,13,29,4,1,143,pharmaceutical
488,488,8,28,3,13,158,retail
489,489,4,15,5,0,181,education
490,490,9,10,4,11,78,pharmaceutical
491,491,11,26,8,15,121,pharmaceutical
492,492,4,11,1,2,163,realestate
493,493,2,23,7,24,210,education
494,494,9,11,8,10,47,financial
495,495,7,18,3,28,162,education
496,496,12,13,9,2,87,retail
497,497,19,3,9,1,97,financial
498,498,15,26,0,29,189,realestate
499,499,10,27,4,24,150,pharmaceutical
500,500,17,15,4,18,186,pharmaceutical
501,501,13,4,1,10,124,software
502,502,3,5,4,13,166,retail
503,503,3,25,9,4,193,retail
504,504,19,11,3,10,74,realestate
505,505,5,4,0,9,118,software
506,506,17,18,3,16,189,education
507,507,12,23,4,15,98,financial
508,508,18,10,8,1,64,retail
509,509,3,29,1,26,178,software
510,510,10,26,2,7,118,education
511,511,19,19,1,25,119,software
512,512,5,7,1,16,131,education
513,513,7,23,9,25,135,pharmaceutical
514,514,13,2,5,11,108,education
515,515,12,27,3,2,80,realestate
516,516,12,0,1,13,101,pharmaceutical
517,517,0,2,0,26,121,financial
518,518,4,14,5,18,135,realestate
519,519,2,25,3,15,200,realestate
520,520,13,4,3,26,111,realestate
521,521,13,25,6,2,144,software
522,522,11,9,6,4,117,retail
523,523,16,2,9,6,159,software
524,524,13,17,5,18,107,education
525,525,18,19,1,4,77,pharmaceutical
526,526,7,27,8,29,141,education
527,527,18,3,2,5,86,software
528,528,5,10,9,18,98,financial
529,529,18,24,3,14,52,realestate
530,530,9,18,8,3,48,software
531,531,8,21,0,11,207,financial
532,532,9,17,8,1,100,education
533,533,7,26,1,25,138,retail
534,534,13,28,2,25,113,pharmaceutical
535,535,7,20,0,13,153,software
536,536,5,16,5,12,135,pharmaceutical
537,537,1,0,5,18,194,education
538,538,17,15,9,19,185,software
539,539,19,1,3,11,75,financial
540,540,7,28,7,12,163,financial
541,541,3,9,2,24,169,retail
542,542,7,6,2,23,161,software
543,543,5,27,0,12,105,education
544,544,13,19,0,4,146,pharmaceutical
545,545,16,21,6,25,150,pharmaceutical
546,546,19,10,6,0,106,software
547,547,6,10,2,0,74,software
548,548,6,2,6,19,62,realestate
549,549,15,17,6,13,184,education
550,550,4,9,5,22,179,pharmaceutical
551,551,14,14,4,20,189,education
552,552,13,7,7,24,108,realestate
553,553,12,29,5,11,105,pharmaceutical
554,554,2,6,4,5,204,financial
555,555,15,6,1,3,190,pharmaceutical
556,556,6,14,4,24,68,realestate
557,557,12,1,4,25,96,retail
558,558,4,23,4,25,190,retail
559,559,1,15,8,1,225,retail
560,560,2,10,1,7,218,realestate
561,561,3,17,2,11,201,software
562,562,0,11,4,19,123,realestate
563,563,7,9,8,23,131,realestate
564,564,19,19,5,6,100,education
565,565,4,27,2,17,161,software
566,566,3,20,6,4,214,realestate
567,567,11,16,4,4,91,realestate
568,568,4,19,3,27,151,retail
569,569,8,8,6,27,201,retail
570,570,9,14,7,24,100,realestate
571,571,3,29,1,9,205,retail
572,572,7,4,4,19,143,software
573,573,12,26,9,4,103,software
574,574,14,0,9,24,181,financial
575,575,1,3,7,7,230,retail
576,576,11,19,1,16,105,education
577,577,14,20,2,18,182,retail
578,578,17,28,5,9,202,retail
579,579,10,24,2,20,135,retail
580,580,5,12,6,15,135,software
581,581,16,2,8,2,161,retail
582,582,6,3,6,28,53,pharmaceutical
583,583,3,9,7,13,215,software
584,584,0,21,6,26,119,software
585,585,13,25,0,3,141,financial
586,586,7,18,4,12,148,pharmaceutical
587,587,5,28,0,24,127,realestate
588,588,13,21,5,3,94,retail
589,589,12,20,1,0,93,software
590,590,1,23,3,7,212,financial
591,591,19,25,4,1,93,pharmaceutical
592,592,3,5,1,18,206,pharmaceutical
593,593,19,21,8,5,104,software
594,594,6,26,0,16,50,financial
595,595,9,24,0,11,100,pharmaceutical
596,596,4,23,0,23,174,education
597,597,8,4,8,5,204,education
598,598,14,25,7,4,186,education
599,599,3,19,4,28,209,education
600,600,12,4,7,26,105,retail
601,601,15,29,5,20,191,financial
602,602,19,22,3,14,91,education
603,603,8,8,5,22,176,software
604,604,10,5,8,10,158,pharmaceutical
605,605,13,1,7,25,118,software
606,606,10,22,3,9,145,pharmaceutical
607,607,10,0,2,19,143,retail
608,608,7,19,2,1,137,retail
609,609,1,2,7,15,192,pharmaceutical
610,610,16,7,1,0,149,realestate
611,611,0,14,9,12,122,realestate
612,612,4,20,0,28,175,retail
613,613,1,6,6,21,173,software
614,614,19,2,3,11,100,software
615,615,15,11,0,4,204,software
616,616,10,22,2,11,137,software
617,617,15,16,4,6,186,retail
618,618,8,6,9,24,110,pharmaceutical
619,619,2,14,3,17,202,pharmaceutical
620,620,18,17,6,21,75,retail
621,621,18,19,8,5,52,education
622,622,10,27,5,13,126,retail
623,623,8,2,2,13,117,realestate
624,624,15,6,8,26,178,education
625,625,5,29,1,19,103,retail
626,626,13,24,3,13,115,software
627,627,0,6,4,15,122,education
628,628,18,23,5,19,94,pharmaceutical
629,629,19,1,5,23,91,financial
630,630,18,21,3,21,102,software
631,631,12,3,7,12,99,pharmaceutical
632,632,12,20,1,11,82,retail
633,633,14,23,9,13,197,realestate
634,634,12,16,7,9,85,education
635,635,6,0,1,22,77,retail
636,636,12,14,2,5,80,retail
637,637,6,20,7,27,49,retail
638,638,12,2,4,20,108,pharmaceutical
639,639,1,22,2,15,225,retail
640,640,13,10,5,27,114,retail
641,641,4,21,2,1,140,retail
642,642,6,27,0,13,55,financial
643,643,16,28,0,13,154,pharmaceutical
644,644,12,28,2,6,102,realestate
645,645,4,11,9,20,191,retail
646,646,14,29,4,9,189,retail
647,647,2,26,2,18,204,retail
648,648,2,9,5,27,204,software
649,649,3,21,7,15,195,financial
650,650,10,3,6,10,89,financial
651,651,14,29,2,26,194,software
652,652,19,6,0,22,78,education
653,653,3,10,0,20,213,software
654,654,10,14,5,23,149,realestate
655,655,5,3,6,20,94,education
656,656,7,11,3,10,158,retail
657,657,6,3,6,20,69,retail
658,658,11,20,7,24,92,financial
659,659,18,27,7,4,70,pharmaceutical
660,660,11,24,7,18,137,education
661,661,2,21,7,14,213,education
662,662,6,17,4,2,55,pharmaceutical
663,663,9,8,6,18,62,software
664,664,6,16,9,16,68,pharmaceutical
665,665,4,7,8,29,155,realestate
666,666,0,8,8,8,119,education
667,667,9,15,9,18,94,education
668,668,6,8,9,10,79,software
669,669,15,17,4,17,192,retail
670,670,15,15,1,7,214,software
671,671,1,21,4,4,220,education
672,672,12,8,7,2,80,software
673,673,0,18,5,22,119,realestate
674,674,8,7,8,15,193,software
675,675,14,10,3,13,180,pharmaceutical
676,676,11,2,1,5,128,financial
677,677,11,28,9,17,106,education
678,678,12,22,1,22,95,education
679,679,11,26,2,20,116,education
680,680,9,23,5,23,56,financial
681,681,9,25,7,20,70,software
682,682,9,24,2,29,70,software
683,683,1,2,7,26,206,pharmaceutical
684,684,6,7,3,12,53,retail
685,685,1,3,2,6,174,pharmaceutical
686,686,9,11,6,3,82,software
687,687,1,8,7,10,170,financial
688,688,7,8,4,16,167,realestate
689,689,10,6,7,8,157,education
690,690,15,16,2,29,185,software
691,691,0,16,8,14,120,software
692,692,11,27,0,20,103,pharmaceutical
693,693,16,24,9,14,154,pharmaceutical
694,694,10,11,3,10,144,realestate
695,695,15,10,9,14,182,financial
696,696,4,15,9,10,184,pharmaceutical
697,697,2,5,5,9,217,education
698,698,12,29,9,2,80,pharmaceutical
699,699,13,15,4,3,135,software
700,700,7,3,7,17,126,pharmaceutical
701,701,4,2,3,11,139,realestate
702,702,4,29,7,11,157,retail
703,703,14,18,5,4,183,financial
704,704,14,9,7,28,195,realestate
705,705,0,10,3,8,123,realestate
706,706,14,0,4,18,178,pharmaceutical
707,707,1,23,4,8,197,pharmaceutical
708,708,11,11,8,3,114,financial
709,709,4,1,9,4,168,financial
710,710,0,28,7,22,121,retail
711,711,10,13,3,1,145,retail
712,712,15,21,6,14,220,realestate
713,713,8,19,0,10,168,realestate
714,714,14,14,9,25,180,financial
715,715,2,15,3,7,206,pharmaceutical
716,716,6,26,6,11,78,financial
717,717,2,6,3,12,209,pharmaceutical
718,718,4,26,0,19,188,realestate
719,719,9,9,4,0,73,software
720,720,11,11,0,1,124,retail
721,721,8,6,8,28,143,realestate
722,722,12,15,3,21,88,software
723,723,2,15,4,5,200,retail
724,724,16,7,7,25,160,software
725,725,17,7,3,20,183,pharmaceutical
726,726,7,25,2,25,136,software
727,727,5,7,8,29,130,software
728,728,2,27,7,16,201,financial
729,729,16,8,1,25,156,financial
730,730,10,14,8,19,133,software
731,731,5,25,0,1,115,realestate
732,732,11,23,1,28,107,realestate
733,733,17,19,2,2,193,software
734,734,2,12,0,6,207,financial
735,735,17,24,9,20,188,realestate
736,736,5,10,7,3,119,education
737,737,5,20,9,16,108,education
738,738,0,6,5,8,122,software
739,739,7,22,6,2,165,realestate
740,740,8,21,2,10,155,education
741,741,6,18,4,15,57,realestate
742,742,15,18,9,3,199,realestate
743,743,8,29,7,17,118,education
744,744,4,13,8,7,130,pharmaceutical
745,745,13,8,8,7,117,realestate
746,746,19,26,7,8,72,pharmaceutical
747,747,19,18,6,24,75,retail
748,748,12,22,6,16,105,realestate
749,749,13,5,6,16,97,pharmaceutical
750,750,19,14,3,0,119,software
751,751,16,20,2,21,152,financial
752,752,6,22,2,28,57,retail
753,753,9,2,1,6,72,realestate
754,754,0,26,9,22,120,realestate
755,755,12,9,3,23,100,pharmaceutical
756,756,16,28,8,19,153,realestate
757,757,9,15,4,9,88,financial
758,758,17,25,9,10,191,retail
759,759,4,0,1,29,162,retail
760,760,14,10,7,4,186,realestate
761,761,9,16,0,23,59,retail
762,762,19,10,2,28,116,realestate
763,763,19,24,9,25,91,retail
764,764,19,26,3,12,87,financial
765,765,19,16,6,21,95,retail
766,766,10,16,8,14,111,financial
767,767,17,26,5,26,186,software
768,768,6,9,6,22,48,realestate
769,769,15,19,2,22,190,retail
770,770,14,22,3,11,187,pharmaceutical
771,771,10,17,5,1,109,retail
772,772,8,20,0,26,134,retail
773,773,17,3,8,11,196,retail
774,774,0,15,3,18,121,pharmaceutical
775,775,0,2,5,10,123,realestate
776,776,19,17,3,19,90,software
777,777,16,1,4,5,161,software
778,778,5,10,1,11,116,financial
779,779,10,20,6,28,111,pharmaceutical
780,780,6,22,2,19,51,retail
781,781,2,22,8,2,215,software
782,782,13,19,3,5,110,financial
783,783,10,1,6,24,151,software
784,784,2,24,0,0,214,retail
785,785,1,20,8,2,191,education
786,786,10,11,9,2,115,software
787,787,18,22,6,8,55,financial
788,788,6,28,4,28,64,retail
789,789,16,24,5,13,146,realestate
790,790,7,5,7,4,145,realestate
791,791,19,2,3,8,106,pharmaceutical
792,792,6,2,3,5,69,financial
793,793,10,22,9,5,109,pharmaceutical
794,794,12,22,0,18,103,pharmaceutical
795,795,2,18,5,27,201,pharmaceutical
796,796,14,9,8,15,189,retail
797,797,0,27,8,16,121,pharmaceutical
798,798,11,17,6,23,105,retail
799,799,15,4,2,21,208,education
800,800,0,18,2,13,120,pharmaceutical
801,801,10,1,7,26,153,pharmaceutical
802,802,17,23,7,12,186,pharmaceutical
803,803,12,14,7,11,84,education
804,804,1,19,5,12,220,pharmaceutical
805,805,18,18,6,26,60,education
806,806,16,21,7,26,162,education
807,807,11,27,0,9,107,financial
808,808,1,19,6,5,176,retail
809,809,16,10,6,9,146,education
810,810,5,9,0,21,96,software
811,811,9,3,0,25,92,financial
812,812,18,17,1,4,91,pharmaceutical
813,813,13,23,3,25,89,realestate
814,814,15,20,1,14,182,education
815,815,12,8,0,26,105,financial
816,816,5,16,1,0,98,software
817,817,11,23,2,27,135,pharmaceutical
818,818,5,10,3,11,116,software
819,819,4,18,6,26,182,financial
820,820,15,20,3,11,220,pharmaceutical
821,821,7,10,7,11,140,retail
822,822,10,16,0,14,156,software
823,823,10,6,0,13,130,financial
824,824,3,26,9,22,200,realestate
825,825,14,4,1,20,180,software
826,826,15,10,8,5,198,education
827,827,17,3,2,23,189,software
828,828,16,10,8,1,159,financial
829,829,14,14,8,21,186,software
830,830,10,27,2,2,152,software
831,831,2,8,4,25,210,realestate
832,832,13,9,6,13,108,retail
833,833,13,6,8,7,102,retail
834,834,19,16,3,26,118,realestate
835,835,15,14,7,14,207,retail
836,836,14,11,0,12,197,retail
837,837,15,17,2,3,182,pharmaceutical
838,838,15,5,1,5,215,education
839,839,0,26,0,3,122,retail
840,840,10,24,2,12,154,realestate
841,841,14,19,6,2,191,education
842,842,13,22,6,17,124,realestate
843,843,10,28,0,18,114,pharmaceutical
844,844,4,16,3,3,150,software
845,845,15,16,8,24,187,software
846,846,4,21,4,27,169,financial
847,847,9,12,6,14,102,retail
848,848,15,22,5,18,199,software
849,849,12,24,6,5,88,software
850,850,11,26,3,28,139,software
851,851,9,24,7,15,82,retail
852,852,13,18,8,2,135,retail
853,853,12,17,2,3,83,pharmaceutical
854,854,17,18,2,10,203,pharmaceutical
855,855,6,20,4,26,74,education
856,856,13,18,1,14,125,financial
857,857,19,26,4,27,112,software
858,858,1,15,0,16,166,realestate
859,859,1,18,1,9,169,financial
860,860,5,29,2,14,127,realestate
861,861,12,11,5,29,85,education
862,862,7,10,6,25,151,financial
863,863,18,20,6,9,56,education
864,864,19,15,2,3,76,retail
865,865,5,21,4,6,117,pharmaceutical
866,866,13,0,7,0,134,software
867,867,8,1,5,4,157,retail
868,868,7,18,6,10,126,education
869,869,2,16,4,1,201,realestate
870,870,4,19,0,16,154,software
871,871,19,24,6,21,85,education
872,872,2,29,1,26,215,education
873,873,5,21,8,16,124,retail
874,874,14,23,3,20,179,financial
875,875,10,9,6,0,111,software
876,876,14,3,8,20,187,education
877,877,18,15,8,21,64,education
878,878,5,5,6,14,115,retail
879,879,2,22,9,19,219,financial
880,880,6,12,4,17,39,financial
881,881,7,16,4,27,147,pharmaceutical
882,882,19,13,6,22,89,financial
883,883,19,6,3,7,73,retail
884,884,10,0,7,27,127,software
885,885,9,19,9,15,51,software
886,886,5,3,3,6,116,financial
887,887,14,6,0,14,182,software
888,888,8,12,6,24,147,realestate
889,889,15,1,6,26,218,pharmaceutical
890,890,19,26,5,12,111,education
891,891,10,10,1,14,113,pharmaceutical
892,892,18,9,3,24,92,software
893,893,18,9,3,23,65,financial
894,894,5,13,1,6,103,education
895,895,8,8,5,13,125,retail
896,896,7,29,5,19,129,realestate
897,897,13,15,9,19,99,retail
898,898,4,1,3,12,157,software
899,899,7,13,3,1,163,realestate
900,900,17,19,4,16,186,financial
901,901,10,15,2,16,120,pharmaceutical
902,902,11,13,9,12,114,retail
903,903,17,6,5,20,188,pharmaceutical
904,904,13,7,6,20,134,software
905,905,7,15,0,21,119,software
906,906,9,21,3,22,54,pharmaceutical
907,907,18,22,1,15,76,education
908,908,6,12,3,13,78,financial
909,909,4,11,9,29,183,education
910,910,17,7,3,5,186,realestate
911,911,6,14,7,10,76,financial
912,912,4,28,1,24,192,education
913,913,6,12,2,11,82,pharmaceutical
914,914,1,0,9,22,158,software
915,915,1,1,2,10,181,software
916,916,10,14,1,15,108,realestate
917,917,1,24,6,5,228,education
918,918,9,29,9,18,77,software
919,919,10,27,4,18,121,realestate
920,920,3,13,4,7,176,software
921,921,6,19,0,12,50,pharmaceutical
922,922,3,10,6,4,199,retail
923,923,0,8,6,4,119,realestate
924,924,10,7,4,18,89,education
925,925,12,9,9,9,108,retail
926,926,8,22,0,0,178,retail
927,927,7,10,8,10,130,realestate
928,928,5,18,9,20,128,financial
929,929,2,21,5,16,210,education
930,930,18,4,7,23,79,software
931,931,8,25,5,27,199,retail
932,932,11,29,0,26,104,realestate
933,933,15,10,2,6,213,education
934,934,13,7,4,28,109,pharmaceutical
935,935,17,4,5,20,188,software
936,936,18,24,7,29,79,pharmaceutical
937,937,10,18,2,26,151,realestate
938,938,12,6,2,28,80,software
939,939,0,26,9,3,121,education
940,940,7,24,0,25,137,financial
941,941,16,23,9,29,161,retail
942,942,1,23,9,9,190,financial
943,943,5,10,2,16,132,retail
944,944,3,28,2,8,196,pharmaceutical
945,945,11,23,6,25,126,software
946,946,9,26,7,28,71,education
947,947,6,0,6,2,64,pharmaceutical
948,948,19,16,7,13,87,realestate
949,949,0,20,1,17,120,retail
950,950,10,10,8,22,117,pharmaceutical
951,951,15,22,4,7,197,software
952,952,8,3,4,23,167,realestate
953,953,5,24,9,9,134,realestate
954,954,3,18,1,18,189,financial
955,955,3,23,0,14,194,financial
956,956,5,24,9,16,135,pharmaceutical
957,957,15,21,9,2,211,software
958,958,1,15,3,5,204,financial
959,959,8,3,7,22,158,software
960,960,4,18,2,12,169,retail
961,961,4,3,2,26,189,financial
962,962,8,25,5,0,205,pharmaceutical
963,963,11,0,0,16,103,financial
964,964,9,5,9,3,99,retail
965,965,9,23,3,4,48,software
966,966,6,9,3,24,74,financial
967,967,0,19,5,3,119,realestate
968,968,14,10,3,0,184,software
969,969,18,22,3,13,61,realestate
970,970,13,20,0,7,96,pharmaceutical
971,971,1,13,0,4,162,pharmaceutical
972,972,18,8,1,0,52,realestate
973,973,14,5,5,21,187,realestate
974,974,12,7,1,10,85,software
975,975,4,13,8,19,132,retail
976,976,9,5,2,6,99,financial
977,977,6,6,3,22,51,education
978,978,15,11,6,27,199,financial
979,979,11,21,0,13,123,education
980,980,3,12,8,17,170,pharmaceutical
981,981,6,22,1,9,67,software
982,982,15,19,9,1,189,retail
983,983,12,7,4,5,90,pharmaceutical
984,984,9,28,1,5,58,education
985,985,4,16,3,25,185,financial
986,986,13,15,6,1,91,financial
987,987,19,12,5,0,86,realestate
988,988,4,15,6,6,186,realestate
989,989,18,24,7,14,66,realestate
990,990,4,19,4,5,149,software
991,991,2,23,7,26,215,retail
992,992,6,0,4,11,83,realestate
993,993,2,28,9,21,202,financial
994,994,19,24,2,3,95,retail
995,995,4,22,6,12,191,financial
996,996,16,2,9,23,157,pharmaceutical
997,997,4,12,9,11,195,retail
998,998,5,10,8,26,102,realestate
999,999,1,22,8,0,174,education
1000,1000,17,5,6,14,192,education
1001,1001,4,24,9,22,173,software
1002,1002,15,0,6,11,212,realestate
1003,1003,4,12,2,18,176,retail
1004,1004,1,19,5,14,167,education
1005,1005,14,10,5,2,193,software
1006,1006,15,16,6,27,207,pharmaceutical
1007,1007,10,2,2,8,102,realestate
1008,1008,14,6,3,3,179,education
1009,1009,8,16,7,19,125,pharmaceutical
1010,1010,11,14,8,22,113,financial
1011,1011,12,20,5,3,83,software
1012,1012,5,12,9,10,103,financial
1013,1013,7,27,5,14,149,pharmaceutical
1014,1014,17,24,6,14,190,software
1015,1015,2,10,1,16,206,education
1016,1016,18,10,9,14,77,pharmaceutical
1017,1017,11,7,1,17,115,realestate
1018,1018,3,22,0,14,175,financial
1019,1019,0,7,7,23,119,realestate
1020,1020,13,18,2,20,106,financial
1021,1021,4,28,2,29,180,education
1022,1022,4,23,8,25,159,education
1023,1023,18,1,1,1,92,financial
1024,1024,1,7,5,10,179,pharmaceutical
1025,1025,17,27,8,10,205,realestate
1026,1026,17,3,7,1,200,software
1027,1027,2,11,7,15,202,financial
1028,1028,2,16,5,4,212,financial
1029,1029,4,5,9,15,195,software
1030,1030,19,8,8,10,115,pharmaceutical
1031,1031,12,23,5,3,100,financial
1032,1032,11,26,1,7,120,pharmaceutical
1033,1033,4,24,8,4,188,realestate
1034,1034,5,25,1,29,140,financial
1035,1035,3,14,5,11,178,education
1036,1036,14,24,2,1,185,software
1037,1037,16,0,0,16,161,education
1038,1038,5,15,2,16,129,software
1039,1039,12,16,9,15,85,realestate
1040,1040,4,26,1,17,164,financial
1041,1041,17,0,5,6,197,software
1042,1042,1,14,0,5,159,financial
1043,1043,2,7,7,23,213,education
1044,1044,10,26,1,18,134,pharmaceutical
1045,1045,4,17,9,25,179,retail
1046,1046,8,7,1,7,153,retail
1047,1047,16,26,4,25,156,software
1048,1048,1,14,3,9,169,software
1049,1049,13,20,9,29,87,retail
1050,1050,0,27,6,7,119,financial
1051,1051,2,6,9,17,218,software
1052,1052,2,20,2,16,214,realestate
1053,1053,7,7,4,5,125,retail
1054,1054,14,19,0,21,183,pharmaceutical
1055,1055,7,8,1,22,156,retail
1056,1056,10,13,9,26,135,education
1057,1057,17,17,5,26,199,realestate
1058,1058,0,18,1,15,119,education
1059,1059,7,14,4,0,141,education
1060,1060,13,29,5,4,104,software
1061,1061,10,0,4,9,137,pharmaceutical
1062,1062,19,19,0,19,100,pharmaceutical
1063,1063,10,4,8,25,121,education
1064,1064,15,13,4,12,205,realestate
1065,1065,2,4,4,10,218,software
1066,1066,17,11,3,16,198,financial
1067,1067,5,3,2,9,110,realestate
1068,1068,0,7,1,5,119,realestate
1069,1069,17,19,9,21,202,realestate
1070,1070,7,28,4,9,160,retail
1071,1071,9,7,6,25,45,realestate
1072,1072,17,23,4,23,194,financial
1073,1073,1,15,1,11,159,retail
1074,1074,17,8,1,17,197,realestate
1075,1075,7,21,3,23,137,software
1076,1076,4,8,7,5,194,financial
1077,1077,15,17,2,19,186,retail
1078,1078,14,28,1,18,186,retail
1079,1079,19,2,8,1,119,software
1080,1080,16,25,0,29,162,realestate
1081,1081,11,19,6,2,91,retail
1082,1082,15,20,1,1,212,realestate
1083,1083,1,24,6,27,200,financial
1084,1084,3,7,4,16,187,realestate
1085,1085,14,26,0,21,191,pharmaceutical
1086,1086,13,10,6,9,133,education
1087,1087,9,18,2,26,85,retail
1088,1088,9,8,4,21,43,education
1089,1089,1,2,4,10,177,realestate
1090,1090,2,20,8,17,215,realestate
1091,1091,1,5,9,11,198,financial
1092,1092,17,22,4,7,186,software
1093,1093,9,4,9,10,64,education
1094,1094,17,13,0,9,199,pharmaceutical
1095,1095,15,16,3,16,191,retail
1096,1096,11,20,5,8,108,pharmaceutical
1097,1097,17,29,7,4,195,pharmaceutical
1098,1098,9,5,0,18,49,education
1099,1099,1,27,8,21,167,software
1100,1100,0,9,0,29,122,retail
1101,1101,16,4,7,13,162,pharmaceutical
1102,1102,9,18,0,0,63,realestate
1103,1103,10,23,7,28,144,pharmaceutical
1104,1104,18,29,8,16,93,software
1105,1105,11,16,9,5,115,retail
1106,1106,3,1,3,27,188,pharmaceutical
1107,1107,4,15,6,26,151,financial
1108,1108,1,28,4,16,233,financial
1109,1109,14,28,1,2,191,pharmaceutical
1110,1110,14,21,4,17,184,software
1111,1111,18,12,7,21,98,retail
1112,1112,1,20,2,16,155,education
1113,1113,8,6,0,18,171,financial
1114,1114,10,19,7,28,97,education
1115,1115,12,6,1,7,90,education
1116,1116,7,28,2,5,125,software
1117,1117,18,5,4,6,58,retail
1118,1118,14,10,8,12,187,pharmaceutical
1119,1119,4,6,3,12,181,financial
1120,1120,9,4,8,7,54,pharmaceutical
1121,1121,6,11,1,25,61,software
1122,1122,9,23,4,20,94,retail
1123,1123,10,7,3,21,137,financial
1124,1124,16,0,2,25,159,retail
1125,1125,17,11,3,8,198,realestate
1126,1126,3,26,3,24,170,realestate
1127,1127,1,8,4,1,222,realestate
1128,1128,17,16,4,27,197,education
1129,1129,18,15,6,14,71,retail
1130,1130,19,10,2,28,113,education
1131,1131,13,22,9,14,132,software
1132,1132,9,22,9,11,84,realestate
1133,1133,0,11,2,24,120,financial
1134,1134,14,14,2,13,191,education
1135,1135,18,3,5,3,74,financial
1136,1136,15,18,2,22,217,software
1137,1137,0,9,2,18,121,education
1138,1138,7,8,4,10,133,software
1139,1139,0,23,3,6,121,education
1140,1140,12,20,9,29,81,pharmaceutical
1141,1141,8,0,7,18,162,education
1142,1142,6,26,6,10,76,education
1143,1143,9,17,0,18,86,financial
1144,1144,18,7,5,7,98,software
1145,1145,5,16,0,17,110,software
1146,1146,8,13,4,25,178,realestate
1147,1147,9,23,2,15,88,pharmaceutical
1148,1148,9,24,1,21,73,realestate
1149,1149,5,21,9,1,105,software
1150,1150,12,27,9,14,93,software
1151,1151,2,20,6,29,216,realestate
1152,1152,11,11,7,14,127,pharmaceutical
1153,1153,4,26,1,18,186,retail
1154,1154,3,24,2,11,198,education
1155,1155,0,2,4,14,121,financial
1156,1156,4,8,5,17,168,realestate
1157,1157,6,6,0,7,85,financial
1158,1158,10,27,9,13,111,realestate
1159,1159,14,4,4,4,182,pharmaceutical
1160,1160,2,11,7,10,211,retail
1161,1161,4,0,5,23,137,realestate
1162,1162,6,11,1,9,77,retail
1163,1163,15,25,7,12,205,software
1164,1164,11,23,9,21,108,financial
1165,1165,7,1,1,28,128,financial
1166,1166,14,6,9,19,187,education
1167,1167,5,28,9,28,126,pharmaceutical
1168,1168,12,9,6,11,89,software
1169,1169,7,15,8,3,154,financial
1170,1170,17,0,9,10,185,education
1171,1171,5,5,4,0,97,retail
1172,1172,10,8,2,10,151,financial
1173,1173,9,4,7,1,100,software
1174,1174,18,2,1,4,100,software
1175,1175,17,24,6,24,201,realestate
1176,1176,15,1,7,7,211,financial
1177,1177,6,6,5,14,46,pharmaceutical
1178,1178,0,20,7,4,121,software
1179,1179,18,22,9,17,96,pharmaceutical
1180,1180,0,11,8,26,123,software
1181,1181,16,28,4,11,147,education
1182,1182,8,2,7,11,171,pharmaceutical
1183,1183,0,17,4,5,122,software
1184,1184,19,24,5,7,100,education
1185,1185,6,20,4,4,67,financial
1186,1186,6,18,1,20,50,education
1187,1187,4,24,6,11,149,financial
1188,1188,12,17,4,7,81,pharmaceutical
1189,1189,12,12,7,4,96,financial
1190,1190,9,22,0,4,89,realestate
1191,1191,2,2,9,6,209,software
1192,1192,9,21,0,25,59,software
1193,1193,16,5,6,14,157,pharmaceutical
1194,1194,2,27,1,19,210,retail
1195,1195,17,29,8,26,184,financial
1196,1196,10,29,0,3,142,software
1197,1197,12,26,6,18,107,financial
1198,1198,14,23,1,17,194,financial
1199,1199,12,28,9,7,95,realestate
1200,1200,16,29,3,10,153,financial
1201,1201,18,28,6,26,75,retail
1202,1202,13,19,1,19,89,retail
1203,1203,6,14,5,6,61,retail
1204,1204,6,23,3,25,62,software
1205,1205,10,24,0,22,151,financial
1206,1206,11,17,9,13,99,education
1207,1207,13,29,5,15,88,retail
1208,1208,6,11,4,17,41,software
1209,1209,15,21,7,28,211,education
1210,1210,8,15,7,3,126,pharmaceutical
1211,1211,8,22,6,0,178,software
1212,1212,13,18,0,26,124,realestate
1213,1213,4,20,9,8,173,education
1214,1214,5,1,2,13,107,education
1215,1215,8,20,8,3,201,education
1216,1216,1,26,9,11,174,pharmaceutical
1217,1217,9,12,4,28,55,software
1218,1218,1,19,7,26,201,realestate
1219,1219,2,2,9,16,213,software
1220,1220,1,3,4,19,158,software
1221,1221,11,11,7,8,93,education
1222,1222,9,5,5,4,45,pharmaceutical
1223,1223,4,13,5,2,193,retail
1224,1224,12,23,1,25,91,pharmaceutical
1225,1225,10,25,3,0,114,realestate
1226,1226,6,5,1,1,57,pharmaceutical
1227,1227,17,12,0,27,192,pharmaceutical
1228,1228,15,18,2,7,195,software
1229,1229,16,10,3,23,158,pharmaceutical
1230,1230,18,15,1,3,72,pharmaceutical
1231,1231,2,23,8,25,212,software
1232,1232,8,5,1,11,121,realestate
1233,1233,2,3,2,1,206,realestate
1234,1234,15,14,6,9,185,pharmaceutical
1235,1235,2,6,4,29,212,realestate
1236,1236,16,4,5,28,152,realestate
1237,1237,1,4,8,6,177,retail
1238,1238,9,5,4,17,97,education
1239,1239,18,28,0,16,63,pharmaceutical
1240,1240,17,17,4,0,201,education
1241,1241,19,27,6,23,78,software
1242,1242,11,11,8,2,129,realestate
1243,1243,3,7,8,26,212,pharmaceutical
1244,1244,18,22,5,19,69,pharmaceutical
1245,1245,12,5,3,5,84,pharmaceutical
1246,1246,8,4,7,23,166,financial
1247,1247,1,14,2,27,200,software
1248,1248,1,21,5,26,216,financial
1249,1249,9,17,5,1,80,pharmaceutical
1250,1250,7,28,0,20,137,education
1251,1251,14,15,9,21,196,financial
1252,1252,18,13,4,19,88,education
1253,1253,12,18,4,3,101,realestate
1254,1254,13,4,6,11,127,realestate
1255,1255,12,0,3,9,110,pharmaceutical
1256,1256,5,23,8,28,110,realestate
1257,1257,9,11,6,22,73,realestate
1258,1258,0,6,1,16,123,retail
1259,1259,4,26,6,21,135,financial
1260,1260,17,10,2,10,192,software
1261,1261,1,21,8,13,227,retail
1262,1262,1,1,9,5,182,education
1263,1263,15,2,7,4,219,retail
1264,1264,12,7,6,27,78,pharmaceutical
1265,1265,2,10,8,19,217,software
1266,1266,7,28,9,15,146,software
1267,1267,15,9,4,12,196,financial
1268,1268,0,13,2,21,120,financial
1269,1269,4,10,8,28,169,software
1270,1270,19,0,2,29,87,pharmaceutical
1271,1271,19,14,4,15,75,software
1272,1272,13,29,7,6,96,financial
1273,1273,14,1,3,23,198,realestate
1274,1274,17,29,0,10,196,retail
1275,1275,19,15,4,2,118,financial
1276,1276,2,4,0,14,206,retail
1277,1277,8,15,5,18,189,education
1278,1278,16,25,6,21,149,education
1279,1279,0,8,1,14,120,retail
1280,1280,14,15,6,4,187,education
1281,1281,9,26,9,7,64,retail
1282,1282,10,29,5,27,120,software
1283,1283,16,27,5,26,159,retail
1284,1284,3,12,7,25,217,education
1285,1285,13,20,9,2,119,education
1286,1286,15,3,0,4,199,education
1287,1287,3,24,0,20,209,software
1288,1288,5,17,7,13,103,software
1289,1289,18,0,5,23,63,financial
1290,1290,11,4,2,18,94,education
1291,1291,2,9,1,3,217,realestate
1292,1292,8,19,1,10,168,financial
1293,1293,5,23,0,8,132,pharmaceutical
1294,1294,0,22,1,7,123,education
1295,1295,16,20,8,0,158,realestate
1296,1296,8,19,3,17,174,pharmaceutical
1297,1297,0,0,0,25,120,realestate
1298,1298,6,13,1,25,85,education
1299,1299,11,22,0,19,137,realestate
1300,1300,3,7,7,20,199,pharmaceutical
1301,1301,17,20,9,20,188,pharmaceutical
1302,1302,2,14,8,23,199,retail
1303,1303,8,2,5,15,134,education
1304,1304,2,8,0,20,199,software
1305,1305,18,18,0,5,101,realestate
1306,1306,2,24,7,4,213,software
1307,1307,12,7,7,17,88,education
1308,1308,17,0,5,3,194,retail
1309,1309,4,8,0,26,153,pharmaceutical
1310,1310,14,20,1,23,182,financial
1311,1311,12,18,0,25,107,retail
1312,1312,17,28,4,23,204,education
1313,1313,14,3,6,21,190,software
1314,1314,1,3,3,0,205,financial
1315,1315,16,12,9,24,150,education
1316,1316,0,4,8,12,122,financial
1317,1317,8,11,0,28,116,financial
1318,1318,19,0,7,18,93,financial
1319,1319,4,3,5,4,174,realestate
1320,1320,7,12,8,21,150,financial
1321,1321,9,4,3,3,86,realestate
1322,1322,19,8,3,18,71,pharmaceutical
1323,1323,19,12,5,3,97,financial
1324,1324,9,13,3,25,76,realestate
1325,1325,7,16,1,22,139,pharmaceutical
1326,1326,6,9,6,27,86,financial
1327,1327,0,15,2,0,120,realestate
1328,1328,4,1,8,19,194,education
1329,1329,17,27,7,17,184,software
1330,1330,18,8,8,29,101,education
1331,1331,3,6,3,2,165,retail
1332,1332,0,16,3,20,122,software
1333,1333,14,1,0,0,183,education
1334,1334,9,0,3,28,48,financial
1335,1335,10,18,0,6,159,retail
1336,1336,16,12,2,11,150,education
1337,1337,9,5,6,3,88,software
1338,1338,2,23,5,17,199,software
1339,1339,2,16,5,13,204,pharmaceutical
1340,1340,4,19,1,6,167,retail
1341,1341,16,20,7,24,151,financial
1342,1342,9,25,4,2,67,retail
1343,1343,14,10,3,12,193,retail
1344,1344,14,8,8,4,193,pharmaceutical
1345,1345,0,19,6,17,122,retail
1346,1346,16,0,4,17,152,software
1347,1347,2,1,2,20,219,financial
1348,1348,17,13,6,14,197,realestate
1349,1349,12,19,4,5,91,financial
1350,1350,2,18,7,2,217,education
1351,1351,3,3,7,0,207,education
1352,1352,9,20,6,18,62,realestate
1353,1353,6,0,2,18,49,realestate
1354,1354,8,21,4,5,119,financial
1355,1355,19,10,4,17,96,financial
1356,1356,18,26,2,29,71,software
1357,1357,10,9,1,3,154,software
1358,1358,8,20,5,2,161,realestate
1359,1359,0,8,2,29,121,software
1360,1360,11,10,0,2,140,realestate
1361,1361,16,11,9,11,150,education
1362,1362,12,25,8,28,91,financial
1363,1363,4,29,9,19,164,retail
1364,1364,3,25,2,9,170,education
1365,1365,14,17,2,4,186,retail
1366,1366,17,14,2,0,205,realestate
1367,1367,16,11,0,19,158,retail
1368,1368,6,19,3,14,40,pharmaceutical
1369,1369,8,4,3,16,138,retail
1370,1370,13,22,4,29,97,software
1371,1371,17,8,6,25,203,realestate
1372,1372,14,18,2,23,192,financial
1373,1373,13,21,2,14,89,retail
1374,1374,10,12,9,28,125,financial
1375,1375,1,20,1,18,211,education
1376,1376,1,12,0,20,180,pharmaceutical
1377,1377,2,2,4,5,206,pharmaceutical
1378,1378,14,2,5,20,184,pharmaceutical
1379,1379,9,14,6,3,72,software
1380,1380,15,14,9,7,218,education
1381,1381,9,10,3,5,90,pharmaceutical
1382,1382,8,15,1,28,178,software
1383,1383,13,7,6,23,114,financial
1384,1384,13,13,1,25,128,software
1385,1385,0,28,8,26,121,education
1386,1386,18,5,4,26,53,education
1387,1387,17,19,6,5,194,pharmaceutical
1388,1388,1,2,3,12,231,financial
1389,1389,8,18,7,25,126,realestate
1390,1390,5,2,8,8,116,realestate
1391,1391,19,2,3,23,88,financial
1392,1392,10,8,0,24,89,software
1393,1393,14,29,7,26,192,retail
1394,1394,9,29,8,25,93,software
1395,1395,8,21,7,6,183,realestate
1396,1396,5,23,5,9,106,retail
1397,1397,18,0,7,16,91,realestate
1398,1398,13,18,4,5,121,financial
1399,1399,15,20,7,12,199,retail
1400,1400,5,25,6,6,109,pharmaceutical
1401,1401,6,29,5,4,65,pharmaceutical
1402,1402,2,26,7,6,199,financial
1403,1403,17,11,0,12,190,realestate
1404,1404,11,7,5,0,130,realestate
1405,1405,2,18,6,1,210,pharmaceutical
1406,1406,17,18,4,16,194,education
1407,1407,13,1,9,1,96,financial
1408,1408,9,10,3,25,79,retail
1409,1409,17,19,0,26,202,education
1410,1410,5,2,3,12,101,financial
1411,1411,15,24,5,4,182,financial
1412,1412,9,25,3,17,89,pharmaceutical
1413,1413,16,16,9,11,149,software
1414,1414,0,3,8,2,119,retail
1415,1415,9,28,0,28,78,retail
1416,1416,8,15,6,5,169,software
1417,1417,7,13,3,23,148,financial
1418,1418,1,22,2,21,171,software
1419,1419,15,25,7,29,199,retail
1420,1420,2,29,8,9,217,retail
1421,1421,1,4,8,11,205,pharmaceutical
1422,1422,2,5,1,12,214,software
1423,1423,6,3,5,18,49,education
1424,1424,13,7,0,19,98,realestate
1425,1425,7,23,9,0,165,education
1426,1426,15,28,7,12,204,education
1427,1427,0,29,8,22,122,retail
1428,1428,12,29,8,6,85,retail
1429,1429,0,2,4,28,120,retail
1430,1430,14,22,4,25,189,pharmaceutical
1431,1431,2,15,2,0,219,pharmaceutical
1432,1432,17,10,0,21,192,pharmaceutical
1433,1433,8,7,4,1,142,realestate
1434,1434,19,10,1,23,119,realestate
1435,1435,13,25,3,6,89,education
1436,1436,12,21,7,22,92,software
1437,1437,6,1,1,1,62,realestate
1438,1438,9,23,8,16,101,financial
1439,1439,3,3,9,15,198,financial
1440,1440,12,0,6,23,90,pharmaceutical
1441,1441,17,11,6,11,203,retail
1442,1442,12,20,8,22,86,retail
1443,1443,6,27,2,3,58,software
1444,1444,16,26,5,20,161,software
1445,1445,19,17,4,24,89,financial
1446,1446,14,10,2,3,183,software
1447,1447,16,1,4,16,147,retail
1448,1448,18,5,9,9,95,software
1449,1449,5,0,7,3,129,retail
1450,1450,1,3,8,2,216,software
1451,1451,16,21,8,29,149,retail
1452,1452,3,19,7,11,217,realestate
1453,1453,11,23,8,10,139,retail
1454,1454,6,15,5,14,46,software
1455,1455,8,5,4,5,196,realestate
1456,1456,0,2,5,26,123,realestate
1457,1457,10,19,9,28,141,realestate
1458,1458,3,6,5,8,180,education
1459,1459,16,3,6,26,150,realestate
1460,1460,2,11,2,23,216,retail
1461,1461,9,26,6,15,72,software
1462,1462,3,16,4,14,217,education
1463,1463,5,22,6,13,123,pharmaceutical
1464,1464,6,29,3,28,69,education
1465,1465,14,9,9,14,189,financial
1466,1466,8,16,1,4,181,financial
1467,1467,7,5,2,19,157,financial
1468,1468,3,23,5,27,212,pharmaceutical
1469,1469,11,9,3,26,91,pharmaceutical
1470,1470,19,9,1,20,105,software
1471,1471,18,17,4,17,71,software
1472,1472,16,9,1,18,161,education
1473,1473,17,15,1,6,203,education
1474,1474,11,12,0,7,97,financial
1475,1475,0,5,1,24,121,education
1476,1476,14,25,6,9,196,financial
1477,1477,16,5,7,4,160,software
1478,1478,7,24,7,13,123,pharmaceutical
1479,1479,1,0,3,26,224,realestate
1480,1480,3,3,5,18,210,realestate
1481,1481,16,18,3,24,157,financial
1482,1482,14,6,4,27,195,pharmaceutical
1483,1483,19,20,3,5,78,retail
1484,1484,14,0,5,22,185,financial
1485,1485,8,5,7,16,165,realestate
1486,1486,18,14,0,8,73,software
1487,1487,13,1,8,6,107,retail
1488,1488,10,25,4,8,114,realestate
1489,1489,9,28,4,16,104,retail
1490,1490,6,20,7,6,69,financial
1491,1491,3,22,0,20,200,pharmaceutical
1492,1492,15,18,6,26,196,pharmaceutical
1493,1493,18,10,0,11,57,education
1494,1494,9,20,5,9,101,retail
1495,1495,13,22,3,25,131,education
1496,1496,3,18,8,18,207,software
1497,1497,15,10,5,24,211,education
1498,1498,15,9,9,5,185,realestate
1499,1499,5,18,6,11,127,retail
1500,1500,2,25,8,27,204,software
1501,1501,0,0,6,18,120,software
1502,1502,10,29,1,0,117,education
1503,1503,14,15,5,26,189,software
1504,1504,6,16,2,27,60,retail
1505,1505,18,9,6,9,101,financial
1506,1506,14,27,0,9,178,education
1507,1507,3,15,6,3,200,realestate
1508,1508,17,22,1,12,198,realestate
1509,1509,17,5,2,12,201,education
1510,1510,19,12,0,26,85,pharmaceutical
1511,1511,1,21,6,12,182,pharmaceutical
1512,1512,18,13,4,28,53,retail
1513,1513,5,19,1,17,102,retail
1514,1514,4,8,3,27,140,retail
1515,1515,9,6,2,5,84,realestate
1516,1516,2,20,6,12,208,realestate
1517,1517,2,29,3,7,202,pharmaceutical
1518,1518,9,14,9,1,93,financial
1519,1519,14,28,8,15,194,realestate
1520,1520,8,6,9,1,139,realestate
1521,1521,9,17,4,2,71,education
1522,1522,6,6,8,19,83,software
1523,1523,7,28,9,26,137,realestate
1524,1524,5,13,7,22,121,realestate
1525,1525,6,20,3,5,63,education
1526,1526,3,19,5,17,166,financial
1527,1527,5,16,0,27,132,education
1528,1528,18,19,5,10,80,financial
1529,1529,8,23,4,25,206,financial
1530,1530,17,17,3,20,190,retail
1531,1531,1,20,1,0,194,education
1532,1532,1,8,7,22,187,software
1533,1533,14,25,0,13,196,software
1534,1534,14,7,1,12,187,financial
1535,1535,16,12,7,13,154,financial
1536,1536,9,26,1,25,81,education
1537,1537,15,16,9,5,186,realestate
1538,1538,1,20,1,19,193,financial
1539,1539,4,5,3,1,141,realestate
1540,1540,17,1,4,9,193,financial
1541,1541,16,4,6,4,153,retail
1542,1542,13,0,7,0,112,retail
1543,1543,19,28,2,11,104,software
1544,1544,8,24,7,28,116,financial
1545,1545,3,10,5,0,209,pharmaceutical
1546,1546,15,14,6,2,210,software
1547,1547,11,27,0,5,110,financial
1548,1548,8,9,7,21,121,financial
1549,1549,19,29,9,29,100,software
1550,1550,8,24,2,19,187,realestate
1551,1551,10,6,0,13,105,education
1552,1552,10,9,4,20,92,retail
1553,1553,5,2,5,1,125,financial
1554,1554,9,25,2,2,105,retail
1555,1555,19,27,0,12,96,realestate
1556,1556,14,18,0,8,189,realestate
1557,1557,9,12,7,8,77,software
1558,1558,10,13,6,24,143,pharmaceutical
1559,1559,14,18,0,24,181,realestate
1560,1560,9,27,2,29,90,retail
1561,1561,5,16,2,23,103,pharmaceutical
1562,1562,6,17,1,19,50,pharmaceutical
1563,1563,17,19,5,28,184,retail
1564,1564,6,11,3,20,68,pharmaceutical
1565,1565,15,2,4,5,195,education
1566,1566,0,14,7,15,122,education
1567,1567,12,1,6,27,97,retail
1568,1568,19,27,8,0,76,education
1569,1569,2,13,3,10,199,retail
1570,1570,4,3,1,8,154,pharmaceutical
1571,1571,7,24,1,1,162,financial
1572,1572,16,0,8,2,148,financial
1573,1573,0,26,6,9,123,software
1574,1574,6,10,7,7,69,education
1575,1575,15,18,1,13,186,education
1576,1576,13,4,9,22,133,education
1577,1577,3,18,3,23,182,software
1578,1578,19,6,1,24,78,software
1579,1579,11,7,9,9,116,pharmaceutical
1580,1580,11,23,2,24,137,pharmaceutical
1581,1581,2,26,8,12,203,financial
1582,1582,10,24,9,22,148,realestate
1583,1583,2,22,4,10,203,software
1584,1584,12,19,9,26,102,pharmaceutical
1585,1585,15,5,1,5,194,financial
1586,1586,5,15,7,25,116,realestate
1587,1587,6,3,7,21,46,retail
1588,1588,9,4,6,17,82,retail
1589,1589,11,14,1,8,102,pharmaceutical
1590,1590,6,2,5,5,47,software
1591,1591,3,8,9,29,198,financial
1592,1592,9,5,1,16,51,retail
1593,1593,13,5,7,21,88,financial
1594,1594,10,1,2,10,92,financial
1595,1595,2,0,0,13,205,realestate
1596,1596,15,29,1,2,196,pharmaceutical
1597,1597,17,20,4,25,199,realestate
1598,1598,16,17,5,9,156,retail
1599,1599,0,20,3,9,119,pharmaceutical
1600,1600,14,28,1,0,189,pharmaceutical
1601,1601,8,9,6,24,204,retail
1602,1602,19,8,7,18,91,pharmaceutical
1603,1603,8,7,8,11,177,retail
1604,1604,8,11,6,7,155,pharmaceutical
1605,1605,10,22,5,14,108,software
1606,1606,9,0,8,3,61,realestate
1607,1607,18,4,2,21,88,software
1608,1608,17,29,8,14,193,retail
1609,1609,17,0,5,23,190,education
1610,1610,4,13,4,16,180,retail
1611,1611,10,3,3,19,157,realestate
1612,1612,19,8,2,15,110,retail
1613,1613,3,7,0,20,209,realestate
1614,1614,12,6,5,26,104,financial
1615,1615,1,17,1,25,194,realestate
1616,1616,14,14,6,0,186,retail
1617,1617,15,11,4,23,195,software
1618,1618,4,20,8,15,168,retail
1619,1619,6,10,0,23,84,realestate
1620,1620,11,24,8,16,135,education
1621,1621,0,5,9,6,122,pharmaceutical
1622,1622,14,24,0,3,189,retail
1623,1623,8,3,0,19,191,realestate
1624,1624,9,1,0,20,73,realestate
1625,1625,1,21,9,7,200,software
1626,1626,17,29,5,17,188,realestate
1627,1627,16,22,4,16,157,software
1628,1628,15,8,4,24,212,pharmaceutical
1629,1629,18,2,7,10,87,pharmaceutical
1630,1630,9,4,2,5,74,realestate
1631,1631,15,22,3,10,205,software
1632,1632,11,4,0,12,137,financial
1633,1633,0,8,9,12,119,financial
1634,1634,6,1,1,20,79,retail
1635,1635,11,12,2,2,92,education
1636,1636,8,10,7,17,182,retail
1637,1637,4,7,3,13,167,pharmaceutical
1638,1638,18,0,0,0,71,pharmaceutical
1639,1639,7,21,8,29,147,retail
1640,1640,4,4,6,18,138,software
1641,1641,16,16,0,5,150,retail
1642,1642,19,20,6,3,100,pharmaceutical
1643,1643,16,16,7,13,162,realestate
1644,1644,16,28,3,15,153,retail
1645,1645,19,28,3,24,108,pharmaceutical
1646,1646,6,26,6,0,60,financial
1647,1647,7,3,4,28,164,financial
1648,1648,7,28,3,21,133,pharmaceutical
1649,1649,7,8,8,20,144,realestate
1650,1650,16,17,4,10,153,pharmaceutical
1651,1651,1,23,4,4,173,financial
1652,1652,15,9,6,9,187,pharmaceutical
1653,1653,9,19,9,15,97,software
1654,1654,14,23,8,3,184,pharmaceutical
1655,1655,14,22,4,20,181,realestate
1656,1656,11,16,7,7,130,retail
1657,1657,5,17,9,15,137,realestate
1658,1658,19,10,5,20,87,education
1659,1659,7,27,8,2,151,realestate
1660,1660,3,21,3,0,184,retail
1661,1661,12,2,0,5,97,software
1662,1662,12,17,3,27,100,education
1663,1663,2,27,2,1,205,financial
1664,1664,10,13,9,12,147,education
1665,1665,4,20,0,27,133,education
1666,1666,13,5,9,1,100,realestate
1667,1667,4,29,6,18,171,pharmaceutical
1668,1668,9,18,3,10,59,education
1669,1669,12,21,7,28,99,realestate
1670,1670,7,17,6,15,123,education
1671,1671,19,20,5,2,77,realestate
1672,1672,17,5,3,12,187,realestate
1673,1673,9,10,2,3,104,software
1674,1674,10,26,0,26,156,financial
1675,1675,1,0,5,22,225,software
1676,1676,18,20,4,4,70,realestate
1677,1677,4,26,6,10,189,financial
1678,1678,7,22,1,22,131,financial
1679,1679,1,18,0,10,217,retail
1680,1680,16,6,6,24,159,financial
1681,1681,5,22,5,14,131,software
1682,1682,3,28,7,17,188,financial
1683,1683,0,19,1,5,123,realestate
1684,1684,13,3,5,9,109,pharmaceutical
1685,1685,13,13,3,21,123,education
1686,1686,3,14,7,27,186,realestate
1687,1687,8,24,0,12,168,financial
1688,1688,13,19,0,18,107,education
1689,1689,0,22,1,22,120,realestate
1690,1690,13,20,4,29,93,realestate
1691,1691,19,29,6,27,117,pharmaceutical
1692,1692,13,3,3,8,93,software
1693,1693,2,2,2,6,209,pharmaceutical
1694,1694,4,3,8,7,186,software
1695,1695,19,12,1,15,94,retail
1696,1696,14,17,2,1,180,retail
1697,1697,1,12,0,23,160,pharmaceutical
1698,1698,8,29,7,10,111,education
1699,1699,7,12,8,9,163,retail
1700,1700,17,16,6,2,184,retail
1701,1701,0,19,0,4,123,retail
1702,1702,17,3,1,17,199,retail
1703,1703,12,21,8,20,88,software
1704,1704,1,16,3,1,184,financial
1705,1705,11,25,5,21,127,software
1706,1706,18,4,0,12,64,software
1707,1707,1,11,9,22,182,financial
1708,1708,10,8,4,6,95,education
1709,1709,4,14,5,17,164,financial
1710,1710,15,11,1,18,196,financial
1711,1711,10,17,0,7,95,software
1712,1712,17,22,0,27,196,financial
1713,1713,5,8,8,29,94,realestate
1714,1714,0,10,1,7,122,education
1715,1715,3,25,1,16,217,retail
1716,1716,5,4,3,18,115,pharmaceutical
1717,1717,19,12,9,18,117,pharmaceutical
1718,1718,17,23,3,3,193,software
1719,1719,11,11,3,14,113,realestate
1720,1720,8,23,1,22,161,realestate
1721,1721,15,22,5,13,190,software
1722,1722,13,18,2,12,105,pharmaceutical
1723,1723,11,2,4,24,110,realestate
1724,1724,15,18,2,24,210,realestate
1725,1725,8,4,2,19,166,education
1726,1726,2,8,1,24,213,financial
1727,1727,2,7,9,5,200,realestate
1728,1728,16,14,6,18,160,realestate
1729,1729,3,15,0,4,185,retail
1730,1730,7,5,1,21,166,financial
1731,1731,11,28,6,19,115,realestate
1732,1732,10,10,9,15,147,financial
1733,1733,10,15,9,22,136,education
1734,1734,3,14,5,27,192,realestate
1735,1735,17,2,8,3,205,education
1736,1736,16,18,8,29,147,education
1737,1737,8,12,3,9,112,software
1738,1738,7,3,3,15,128,financial
1739,1739,19,16,8,26,91,education
1740,1740,15,20,2,4,209,education
1741,1741,1,16,2,20,183,financial
1742,1742,19,11,2,19,92,retail
1743,1743,15,7,4,24,185,education
1744,1744,14,27,0,17,190,pharmaceutical
1745,1745,13,18,9,11,133,pharmaceutical
1746,1746,6,25,3,2,78,financial
1747,1747,7,7,7,14,144,realestate
1748,1748,16,13,9,20,151,pharmaceutical
1749,1749,17,12,8,25,197,pharmaceutical
1750,1750,11,26,4,28,96,education
1751,1751,18,15,5,15,75,realestate
1752,1752,12,8,6,1,78,retail
1753,1753,10,20,5,16,153,software
1754,1754,0,20,1,11,119,pharmaceutical
1755,1755,9,27,7,5,48,software
1756,1756,5,1,5,18,96,education
1757,1757,3,7,6,23,175,financial
1758,1758,5,5,1,10,119,financial
1759,1759,17,15,0,2,189,financial
1760,1760,5,4,6,7,108,financial
1761,1761,5,0,4,19,120,education
1762,1762,15,13,3,7,182,financial
1763,1763,14,22,0,9,198,software
1764,1764,19,23,4,27,74,education
1765,1765,1,1,3,4,194,pharmaceutical
1766,1766,15,14,4,0,219,realestate
1767,1767,16,9,7,8,154,realestate
1768,1768,6,13,2,19,71,financial
1769,1769,10,28,0,28,100,financial
1770,1770,18,2,8,21,83,education
1771,1771,5,26,8,2,120,software
1772,1772,18,15,9,29,51,realestate
1773,1773,9,14,5,15,83,education
1774,1774,15,14,2,19,205,retail
1775,1775,3,20,8,6,171,education
1776,1776,11,25,0,5,119,retail
1777,1777,11,1,2,29,98,software
1778,1778,19,14,0,27,110,realestate
1779,1779,13,6,8,27,126,retail
1780,1780,4,6,0,14,168,realestate
1781,1781,2,0,2,23,219,software
1782,1782,1,5,0,14,229,financial
1783,1783,2,23,8,12,219,retail
1784,1784,0,24,9,8,119,financial
1785,1785,4,26,7,21,175,education
1786,1786,2,26,9,14,205,realestate
1787,1787,16,21,7,7,160,realestate
1788,1788,13,16,4,13,92,pharmaceutical
1789,1789,13,20,1,0,135,retail
1790,1790,10,1,1,23,109,education
1791,1791,11,17,9,2,96,retail
1792,1792,6,12,4,17,72,pharmaceutical
1793,1793,15,0,0,24,187,financial
1794,1794,6,14,9,22,40,financial
1795,1795,2,14,3,1,199,software
1796,1796,5,15,1,0,94,software
1797,1797,5,23,3,11,122,realestate
1798,1798,13,1,1,5,104,education
1799,1799,13,3,6,12,93,software
1800,1800,10,1,8,18,147,education
1801,1801,9,14,5,29,90,financial
1802,1802,1,17,9,13,219,financial
1803,1803,2,1,9,13,216,education
1804,1804,14,26,8,11,183,pharmaceutical
1805,1805,11,8,7,11,116,education
1806,1806,10,8,5,2,103,pharmaceutical
1807,1807,2,23,7,14,217,education
1808,1808,3,16,5,22,203,pharmaceutical
1809,1809,3,9,0,15,215,retail
1810,1810,6,12,5,17,85,realestate
1811,1811,8,14,5,7,128,education
1812,1812,8,19,3,10,149,financial
1813,1813,19,9,2,18,104,education
1814,1814,0,6,2,11,120,financial
1815,1815,6,20,9,11,38,retail
1816,1816,6,13,2,15,76,retail
1817,1817,14,29,0,17,182,software
1818,1818,12,15,0,16,85,education
1819,1819,7,20,0,20,152,financial
1820,1820,13,20,6,13,118,pharmaceutical
1821,1821,4,18,6,1,153,software
1822,1822,5,19,9,11,97,retail
1823,1823,13,25,7,0,122,software
1824,1824,18,14,1,22,86,education
1825,1825,15,5,9,23,187,retail
1826,1826,17,22,5,5,185,retail
1827,1827,16,16,6,12,146,financial
1828,1828,3,7,0,10,209,retail
1829,1829,3,3,7,17,217,software
1830,1830,6,4,6,7,83,education
1831,1831,16,13,2,16,148,realestate
1832,1832,9,20,9,1,91,retail
1833,1833,11,14,2,14,120,education
1834,1834,13,3,2,19,136,realestate
1835,1835,9,21,0,3,86,realestate
1836,1836,15,22,6,23,212,financial
1837,1837,8,28,8,26,168,financial
1838,1838,5,25,4,28,139,realestate
1839,1839,1,3,8,9,175,software
1840,1840,7,10,9,21,128,education
1841,1841,3,0,2,1,197,education
1842,1842,7,23,2,7,136,software
1843,1843,7,7,3,6,162,software
1844,1844,17,0,6,13,187,financial
1845,1845,14,1,1,6,178,pharmaceutical
1846,1846,12,20,7,7,89,software
1847,1847,18,25,1,1,77,financial
1848,1848,0,8,1,26,123,realestate
1849,1849,4,13,2,28,144,realestate
1850,1850,16,19,7,18,155,retail
1851,1851,4,8,3,21,181,retail
1852,1852,0,6,5,6,121,software
1853,1853,19,16,9,11,117,education
1854,1854,17,8,5,5,194,realestate
1855,1855,17,24,4,22,187,realestate
1856,1856,4,23,3,14,172,financial
1857,1857,7,25,1,21,125,financial
1858,1858,4,22,3,13,170,education
1859,1859,17,26,5,4,184,software
1860,1860,17,8,7,14,189,education
1861,1861,5,13,6,27,132,software
1862,1862,17,15,5,15,199,retail
1863,1863,14,14,3,27,182,realestate
1864,1864,7,17,7,20,142,retail
1865,1865,1,24,1,21,225,financial
1866,1866,11,29,6,25,141,financial
1867,1867,3,2,9,27,170,retail
1868,1868,13,19,4,9,117,pharmaceutical
1869,1869,2,13,3,16,202,education
1870,1870,11,13,8,22,101,pharmaceutical
1871,1871,11,2,6,4,97,retail
1872,1872,3,3,2,28,205,financial
1873,1873,13,23,2,13,102,software
1874,1874,17,10,5,29,205,realestate
1875,1875,10,14,3,26,95,pharmaceutical
1876,1876,9,20,6,8,59,realestate
1877,1877,1,0,9,2,220,realestate
1878,1878,16,21,8,8,160,pharmaceutical
1879,1879,7,28,7,14,160,pharmaceutical
1880,1880,11,1,7,15,115,education
1881,1881,5,25,7,8,121,realestate
1882,1882,8,5,0,24,145,retail
1883,1883,1,8,4,18,186,realestate
1884,1884,15,23,8,10,211,retail
1885,1885,18,18,5,16,92,realestate
1886,1886,18,20,0,21,91,financial
1887,1887,15,0,5,25,206,financial
1888,1888,3,23,6,11,197,retail
1889,1889,8,19,1,25,170,software
1890,1890,8,27,0,22,204,software
1891,1891,11,27,4,29,131,realestate
1892,1892,11,19,7,16,141,software
1893,1893,1,11,6,10,177,realestate
1894,1894,19,8,5,2,104,software
1895,1895,7,27,4,2,145,pharmaceutical
1896,1896,4,1,3,24,157,software
1897,1897,2,17,8,1,199,retail
1898,1898,1,23,6,19,188,retail
1899,1899,5,13,6,8,136,software
1900,1900,0,18,9,16,120,education
1901,1901,3,8,1,19,181,education
1902,1902,9,1,1,13,46,financial
1903,1903,9,0,6,28,65,retail
1904,1904,18,10,5,2,76,realestate
1905,1905,1,22,9,5,203,education
1906,1906,18,8,5,8,84,pharmaceutical
1907,1907,8,8,2,23,143,education
1908,1908,7,2,8,7,121,retail
1909,1909,6,24,5,5,54,software
1910,1910,1,15,9,23,167,retail
1911,1911,16,29,4,3,152,education
1912,1912,18,12,2,26,85,pharmaceutical
1913,1913,14,4,9,20,191,retail
1914,1914,10,7,2,15,101,education
1915,1915,15,9,3,25,213,pharmaceutical
1916,1916,16,14,8,29,151,education
1917,1917,17,23,2,21,188,realestate
1918,1918,17,2,4,19,183,financial
1919,1919,13,27,9,5,114,pharmaceutical
1920,1920,4,28,9,19,131,financial
1921,1921,17,10,3,1,184,education
1922,1922,11,5,4,16,122,education
1923,1923,7,16,5,13,163,realestate
1924,1924,18,4,2,20,90,education
1925,1925,6,15,3,6,68,financial
1926,1926,8,17,7,6,152,financial
1927,1927,14,19,0,16,182,pharmaceutical
1928,1928,12,17,2,15,80,pharmaceutical
1929,1929,16,22,9,27,150,pharmaceutical
1930,1930,5,4,5,26,100,financial
1931,1931,5,11,4,12,139,financial
1932,1932,5,22,1,14,104,financial
1933,1933,13,3,7,15,141,education
1934,1934,6,15,1,5,39,pharmaceutical
1935,1935,14,4,2,7,185,realestate
1936,1936,6,10,2,16,56,financial
1937,1937,4,29,7,5,180,realestate
1938,1938,9,0,7,21,70,financial
1939,1939,15,7,3,11,216,realestate
1940,1940,7,1,3,10,144,software
1941,1941,15,3,8,27,213,software
1942,1942,14,4,3,3,183,software
1943,1943,17,13,0,2,189,software
1944,1944,3,12,9,18,172,realestate
1945,1945,10,25,6,29,138,retail
1946,1946,16,0,4,19,148,financial
1947,1947,18,28,9,14,66,pharmaceutical
1948,1948,17,15,8,22,198,financial
1949,1949,0,18,7,10,123,realestate
1950,1950,10,6,7,6,144,software
1951,1951,2,16,9,19,217,pharmaceutical
1952,1952,3,13,4,27,216,realestate
1953,1953,19,21,1,3,106,realestate
1954,1954,2,11,2,19,201,pharmaceutical
1955,1955,13,23,2,9,117,realestate
1956,1956,13,21,4,17,120,retail
1957,1957,0,17,5,17,123,education
1958,1958,19,22,5,5,79,financial
1959,1959,3,1,9,1,183,retail
1960,1960,10,23,6,1,151,financial
1961,1961,16,8,6,15,160,software
1962,1962,5,0,9,19,115,realestate
1963,1963,12,28,3,25,108,education
1964,1964,11,15,0,0,133,financial
1965,1965,2,15,3,14,204,pharmaceutical
1966,1966,19,25,0,10,71,pharmaceutical
1967,1967,14,15,5,15,188,financial
1968,1968,17,27,4,15,188,financial
1969,1969,14,13,7,24,196,pharmaceutical
1970,1970,6,25,6,24,72,software
1971,1971,5,17,6,10,106,financial
1972,1972,10,21,2,24,147,realestate
1973,1973,7,15,9,29,151,pharmaceutical
1974,1974,4,18,5,2,155,pharmaceutical
1975,1975,7,24,7,0,154,software
1976,1976,16,7,0,25,155,financial
1977,1977,18,7,9,25,73,realestate
1978,1978,0,17,6,3,122,pharmaceutical
1979,1979,6,10,2,1,51,software
1980,1980,14,8,3,5,178,financial
1981,1981,12,1,2,21,96,retail
1982,1982,4,4,6,6,155,education
1983,1983,7,22,7,0,143,realestate
1984,1984,3,10,2,13,177,retail
1985,1985,14,22,3,22,195,realestate
1986,1986,18,14,5,11,72,realestate
1987,1987,13,0,6,17,100,realestate
1988,1988,12,0,8,3,103,education
1989,1989,11,17,1,28,134,realestate
1990,1990,12,11,3,14,107,financial
1991,1991,2,22,2,19,203,pharmaceutical
1992,1992,3,26,0,4,166,pharmaceutical
1993,1993,6,17,2,5,86,retail
1994,1994,11,29,6,1,124,realestate
1995,1995,6,22,1,25,65,software
1996,1996,3,10,9,27,188,financial
1997,1997,13,11,8,18,126,pharmaceutical
1998,1998,15,15,1,4,196,financial
1999,1999,10,21,4,7,118,retail
